{
    "now": "2025-06-04T12:25:40.525Z",
    "perfNow": 80272.89999997616,
    "diagnosticCorrelation": "39b2d7d9-38f6-4b80-9360-101a5b0b463e",
    "source": "DownloadSupportFiles",
    "environment": {
        "productName": "adf",
        "buildVersion": "1.0.052025.12",
        "environmentType": 3,
        "resourceName": "aef-project-aniket",
        "resourceRegion": "eastus",
        "resourceGroup": "AEF_ResourceGroup",
        "subscriptionId": "42db46bd-6b67-40f1-aa7f-f722df7d7170",
        "sessionId": "c0pLgm3woUROlO23HvxQ92",
        "operationId": "",
        "gitType": "live",
        "loggingKey": "86fadea2-254b-482a-acfd-3bd2d8c666ce"
    },
    "additionalInfo": {
        "selectedResource": "DynamicGitToRaw",
        "selectedResourceType": "pipeline"
    }
}