{
    "name": "ds_git_parameters",
    "properties": {
        "linkedServiceName": {
            "referenceName": "storagedatalake",
            "type": "LinkedServiceReference"
        },
        "annotations": [],
        "type": "Json",
        "typeProperties": {
            "location": {
                "type": "AzureBlobFSLocation",
                "fileName": "git.json",
                "fileSystem": "parameters"
            }
        },
        "schema": {}
    },
    "type": "Microsoft.DataFactory/factories/datasets"
}